{
  "tenancy_id": "ocid1.tenancy.oc1..aaaaaaaavbuj6cjizbiv4zjm763rbrtd3dfhpjqhmwk4zn7w5lgz7z7cmnka",
  "tenancy_name": "peo",
  "region": "us-ashburn-1",
  "compartment_id": "ocid1.compartment.oc1..aaaaaaaadjghgr7ts54ekrffh3b7j7ol7topfzlbo5ytr433zbsb2pcy2zlq",
  "availability_domain": "LDKe:US-ASHBURN-AD-1",
  "display_name": "instance-poc-007",
  "hostname_label": "instance-poc-007",
  "instance_fault_domain": "FAULT-DOMAIN-1",

  "shape": "VM.Standard.E5.Flex",
  "shape_config-baseline_ocpu_utilization": "",
  "shape_config-memory_in_gbs": 15,
  "shape_config-ocpus": 2,
  "source_id": "ocid1.image.oc1.iad.aaaaaaaamroaqgjltcvvonqf2lc4xseeplmi2lov37uxaoypsbs2bdo5z5wq",
  "source_type": "image",
  "image_type": "native",

  "create_vnic_details-subnet_id": "ocid1.subnet.oc1.iad.aaaaaaaag3ec2i7naerj3kdv75rjhm4wcijltyfd2v276bq6ypzqfpi3nglq",
  "create_vnic_details-hostname_label": "instance-def-007",
  "create_vnic_details-assign_public_ip": false,
  "create_vnic_details-nsg_ids": [],
  "create_vnic_details-private_ip": "",
  "create_vnic_details-assign_private_dns_record": true,

  "instance_agent_config-are_all_plugins_disabled": false,
  "instance_agent_config-is_management_disabled": false,
  "instance_agent_config-is_monitoring_disabled": false,
  "instance_agent_config-plugin_config_1-set_value": false,
  "instance_agent_config-plugin_config_1-desired_state": "",
  "instance_agent_config-plugin_config_1-name": "",
  "instance_agent_config-plugin_config_2-set_value": false,
  "instance_agent_config-plugin_config_2-desired_state": "",
  "instance_agent_config-plugin_config_2-name": "",
  "instance_agent_config-plugin_config_3-set_value": false,
  "instance_agent_config-plugin_config_3-desired_state": "",
  "instance_agent_config-plugin_config_3-name": "",
  "instance_agent_config-plugin_config_4-set_value": false,
  "instance_agent_config-plugin_config_4-desired_state": "",
  "instance_agent_config-plugin_config_4-name": "",
  "instance_agent_config-plugin_config_5-set_value": false,
  "instance_agent_config-plugin_config_5-desired_state": "",
  "instance_agent_config-plugin_config_5-name": "",
  
  "boot_volume_backup_policy_id": "ocid1.volumebackuppolicy.oc1..aaaaaaaadrzfwjb5tflixtmy5axp2kx65uqakgnupfogabzjhtn5x5dfra6q",
  "boot_volume_size_in_gbs": 50,
  
  "block_volume_backup_policy_id": "ocid1.volumebackuppolicy.oc1..aaaaaaaadrzfwjb5tflixtmy5axp2kx65uqakgnupfogabzjhtn5x5dfra6q",
  "attach_block_volume_1": true,
  "block_volume_1-volume_size_in_gbs": "50",
  "block_volume_1-block_volume_name": "bv1",
  "block_volume_1-block_volume_attachment_type": "ISCSI",
  "block_volume_1-block_volume_partition_1-block_volume_partition_size": "25",
  "block_volume_1-block_volume_partition_1-block_volume_filesystem_type": "xfs",
  "block_volume_1-block_volume_partition_1-block_volume_mount_point": "/apps",
  "block_volume_1-block_volume_partition_2-block_volume_partition_size": "25",
  "block_volume_1-block_volume_partition_2-block_volume_filesystem_type": "xfs",
  "block_volume_1-block_volume_partition_2-block_volume_mount_point": "/dev",
  "attach_block_volume_2": true,
  "block_volume_2-volume_size_in_gbs": "50",
  "block_volume_2-block_volume_name": "bv2",
  "block_volume_2-block_volume_attachment_type": "ISCSI",
  "block_volume_2-block_volume_partition_1-block_volume_partition_size": "50",
  "block_volume_2-block_volume_partition_1-block_volume_filesystem_type": "xfs",
  "block_volume_2-block_volume_partition_1-block_volume_mount_point": "/apps",

  "vault_compartment_id": "??",
  "vault_id": "??",
  "key_id": "??",

  "defined_tag_namespace": "Applications",
  "defined_tags-EnvironmentType": "Dev",
  "defined_tags-EnvironmentName": "BDS-CICD-Pipeline_UAT_OCI",
  "defined_tags-ApplicationName": "BDS-CICD-Pipeline",
  "defined_tags-Requestor": "at@oracle.com",
  "defined_tags-AppID": "1211",
  "defined_tags-Lob": "",
  "defined_tags-EnvironmentGroup": "",
  "defined_tags-ServiceArea": "",
  "defined_tags-Org": "",
  "freeform_tags-catalog_item_version": "1.0.0",
  
  "app_provisioning_standard": "default-v1",
  "app_netgroups": "pe_appops,eis_infra_ops,eis_network_security",
  "app_short_name": "myapp",
  "fail_iscsi_missing": "true",
  "subnet_access": "internal",
  "app_provisioning_env": "Prod",
  "dns_label": "",
  "operating_system": "Oracle Linux",

  "extended_metadata_value": "some-value"

}
